target,model,seed,size,accuracy,precision,recall,f1,roc_auc,best_params,file
A2a,mlp,42,10,0.6688,0.504,0.4442,0.4722,0.6513,"{'hidden_layer_sizes': (256,), 'learning_rate_init': 0.001}",mlp_fingerprint_seed-42_size-0.0029.txt
A2a,mlp,42,20,0.6204,0.4503,0.6247,0.5234,0.6516,"{'hidden_layer_sizes': (128,), 'learning_rate_init': 0.0001}",mlp_fingerprint_seed-42_size-0.0057.txt
A2a,mlp,42,50,0.7116,0.5821,0.4798,0.526,0.6724,"{'hidden_layer_sizes': (128,), 'learning_rate_init': 0.0001}",mlp_fingerprint_seed-42_size-0.0143.txt
A2a,mlp,42,100,0.7591,0.6403,0.6342,0.6372,0.7629,"{'hidden_layer_sizes': (128,), 'learning_rate_init': 0.0001}",mlp_fingerprint_seed-42_size-0.0286.txt
A2a,mlp,42,500,0.7758,0.6627,0.6675,0.6651,0.8106,"{'hidden_layer_sizes': (256,), 'learning_rate_init': 0.0001}",mlp_fingerprint_seed-42_size-0.1428.txt
A2a,mlp,123,10,0.5978,0.4297,0.3374,0.378,0.5511,"{'hidden_layer_sizes': (256,), 'learning_rate_init': 0.0001}",mlp_fingerprint_seed-123_size-0.0029.txt
A2a,mlp,123,20,0.6926,0.6402,0.3456,0.4489,0.6477,"{'hidden_layer_sizes': (256,), 'learning_rate_init': 0.001}",mlp_fingerprint_seed-123_size-0.0057.txt
A2a,mlp,123,50,0.7141,0.6137,0.5685,0.5902,0.7489,"{'hidden_layer_sizes': (256,), 'learning_rate_init': 0.0001}",mlp_fingerprint_seed-123_size-0.0143.txt
A2a,mlp,123,100,0.7259,0.6455,0.5399,0.588,0.7804,"{'hidden_layer_sizes': (128,), 'learning_rate_init': 0.0001}",mlp_fingerprint_seed-123_size-0.0286.txt
A2a,mlp,123,500,0.7444,0.7,0.5153,0.5936,0.8065,"{'hidden_layer_sizes': (128,), 'learning_rate_init': 0.0001}",mlp_fingerprint_seed-123_size-0.1428.txt
A2a,mlp,2137,10,0.6694,0.4286,0.0138,0.0268,0.4812,"{'hidden_layer_sizes': (128,), 'learning_rate_init': 0.0001}",mlp_fingerprint_seed-2137_size-0.0028.txt
A2a,mlp,2137,20,0.6785,0.75,0.0346,0.0661,0.5533,"{'hidden_layer_sizes': (256,), 'learning_rate_init': 0.0001}",mlp_fingerprint_seed-2137_size-0.0055.txt
A2a,mlp,2137,50,0.74,0.6435,0.47,0.5433,0.7743,"{'hidden_layer_sizes': (128,), 'learning_rate_init': 0.001}",mlp_fingerprint_seed-2137_size-0.0138.txt
A2a,mlp,2137,100,0.7657,0.6741,0.5576,0.6103,0.783,"{'hidden_layer_sizes': (128,), 'learning_rate_init': 0.0001}",mlp_fingerprint_seed-2137_size-0.0275.txt
A2a,mlp,2137,500,0.7998,0.7136,0.6544,0.6827,0.8322,"{'hidden_layer_sizes': (128,), 'learning_rate_init': 0.0001}",mlp_fingerprint_seed-2137_size-0.1376.txt
A2a,randomforest,42,10,0.6585,0.2222,0.0095,0.0182,0.6606,"{'max_depth': None, 'n_estimators': 300}",randomforest_fingerprint_seed-42_size-0.0029.txt
A2a,randomforest,42,20,0.6807,0.5484,0.2423,0.3361,0.6678,"{'max_depth': None, 'n_estimators': 300}",randomforest_fingerprint_seed-42_size-0.0057.txt
A2a,randomforest,42,50,0.7155,0.6824,0.2755,0.3926,0.7004,"{'max_depth': None, 'n_estimators': 300}",randomforest_fingerprint_seed-42_size-0.0143.txt
A2a,randomforest,42,100,0.7797,0.716,0.5629,0.6303,0.7882,"{'max_depth': None, 'n_estimators': 100}",randomforest_fingerprint_seed-42_size-0.0286.txt
A2a,randomforest,42,500,0.8281,0.7881,0.6627,0.72,0.8493,"{'max_depth': None, 'n_estimators': 300}",randomforest_fingerprint_seed-42_size-0.1428.txt
A2a,randomforest,123,10,0.5896,0.3516,0.1575,0.2175,0.5486,"{'max_depth': None, 'n_estimators': 100}",randomforest_fingerprint_seed-123_size-0.0029.txt
A2a,randomforest,123,20,0.6489,0.6271,0.0757,0.135,0.6286,"{'max_depth': None, 'n_estimators': 100}",randomforest_fingerprint_seed-123_size-0.0057.txt
A2a,randomforest,123,50,0.6815,0.6561,0.2536,0.3658,0.7679,"{'max_depth': 10, 'n_estimators': 300}",randomforest_fingerprint_seed-123_size-0.0143.txt
A2a,randomforest,123,100,0.7207,0.7044,0.3947,0.5059,0.7959,"{'max_depth': None, 'n_estimators': 300}",randomforest_fingerprint_seed-123_size-0.0286.txt
A2a,randomforest,123,500,0.7578,0.7288,0.5276,0.6121,0.8219,"{'max_depth': None, 'n_estimators': 300}",randomforest_fingerprint_seed-123_size-0.1428.txt
A2a,randomforest,2137,10,0.671,0.0,0.0,0.0,0.5174,"{'max_depth': None, 'n_estimators': 100}",randomforest_fingerprint_seed-2137_size-0.0028.txt
A2a,randomforest,2137,20,0.6763,1.0,0.0161,0.0317,0.5066,"{'max_depth': None, 'n_estimators': 100}",randomforest_fingerprint_seed-2137_size-0.0055.txt
A2a,randomforest,2137,50,0.7695,0.7731,0.424,0.5476,0.7874,"{'max_depth': None, 'n_estimators': 100}",randomforest_fingerprint_seed-2137_size-0.0138.txt
A2a,randomforest,2137,100,0.7703,0.7365,0.47,0.5738,0.8223,"{'max_depth': 10, 'n_estimators': 100}",randomforest_fingerprint_seed-2137_size-0.0275.txt
A2a,randomforest,2137,500,0.8226,0.7762,0.6475,0.706,0.8664,"{'max_depth': None, 'n_estimators': 100}",randomforest_fingerprint_seed-2137_size-0.1376.txt
A2a,svm,42,10,0.641,0.4487,0.3325,0.382,0.3756,"{'C': 0.1, 'kernel': 'linear'}",svm_fingerprint_seed-42_size-0.0029.txt
A2a,svm,42,20,0.6086,0.4395,0.6295,0.5176,0.6499,"{'C': 0.1, 'kernel': 'linear'}",svm_fingerprint_seed-42_size-0.0057.txt
A2a,svm,42,50,0.7163,0.5873,0.5036,0.5422,0.7047,"{'C': 0.1, 'kernel': 'linear'}",svm_fingerprint_seed-42_size-0.0143.txt
A2a,svm,42,100,0.7559,0.6323,0.6413,0.6368,0.7817,"{'C': 0.1, 'kernel': 'linear'}",svm_fingerprint_seed-42_size-0.0286.txt
A2a,svm,42,500,0.8122,0.7201,0.715,0.7175,0.8392,"{'C': 0.1, 'kernel': 'linear'}",svm_fingerprint_seed-42_size-0.1428.txt
A2a,svm,123,10,0.6378,0.0,0.0,0.0,0.5504,"{'C': 1, 'kernel': 'rbf'}",svm_fingerprint_seed-123_size-0.0029.txt
A2a,svm,123,20,0.6407,1.0,0.0082,0.0162,0.3358,"{'C': 1, 'kernel': 'rbf'}",svm_fingerprint_seed-123_size-0.0057.txt
A2a,svm,123,50,0.6711,0.6923,0.1656,0.2673,0.7585,"{'C': 1, 'kernel': 'rbf'}",svm_fingerprint_seed-123_size-0.0143.txt
A2a,svm,123,100,0.7074,0.6992,0.3374,0.4552,0.7935,"{'C': 1, 'kernel': 'rbf'}",svm_fingerprint_seed-123_size-0.0286.txt
A2a,svm,123,500,0.7637,0.7335,0.546,0.626,0.8179,"{'C': 1, 'kernel': 'rbf'}",svm_fingerprint_seed-123_size-0.1428.txt
A2a,svm,2137,10,0.671,0.0,0.0,0.0,0.4628,"{'C': 1, 'kernel': 'rbf'}",svm_fingerprint_seed-2137_size-0.0028.txt
A2a,svm,2137,20,0.671,0.0,0.0,0.0,0.428,"{'C': 1, 'kernel': 'rbf'}",svm_fingerprint_seed-2137_size-0.0055.txt
A2a,svm,2137,50,0.7521,0.8452,0.3018,0.4448,0.7842,"{'C': 1, 'kernel': 'rbf'}",svm_fingerprint_seed-2137_size-0.0138.txt
A2a,svm,2137,100,0.7544,0.7371,0.394,0.5135,0.8196,"{'C': 1, 'kernel': 'rbf'}",svm_fingerprint_seed-2137_size-0.0275.txt
A2a,svm,2137,500,0.8188,0.7671,0.6452,0.7009,0.8717,"{'C': 1, 'kernel': 'rbf'}",svm_fingerprint_seed-2137_size-0.1376.txt
A2a,xgboost,42,10,0.6664,0.0,0.0,0.0,0.5617,"{'learning_rate': 0.01, 'max_depth': 4, 'n_estimators': 100}",xgboost_fingerprint_seed-42_size-0.0029.txt
A2a,xgboost,42,20,0.5967,0.4384,0.7435,0.5515,0.7049,"{'learning_rate': 0.1, 'max_depth': 4, 'n_estimators': 300}",xgboost_fingerprint_seed-42_size-0.0057.txt
A2a,xgboost,42,50,0.6997,0.5607,0.4608,0.5059,0.7273,"{'learning_rate': 0.1, 'max_depth': 4, 'n_estimators': 300}",xgboost_fingerprint_seed-42_size-0.0143.txt
A2a,xgboost,42,100,0.7116,0.5789,0.4964,0.5345,0.7523,"{'learning_rate': 0.1, 'max_depth': 4, 'n_estimators': 300}",xgboost_fingerprint_seed-42_size-0.0286.txt
A2a,xgboost,42,500,0.8074,0.7171,0.6983,0.7076,0.8443,"{'learning_rate': 0.1, 'max_depth': 4, 'n_estimators': 100}",xgboost_fingerprint_seed-42_size-0.1428.txt
A2a,xgboost,123,10,0.6378,0.0,0.0,0.0,0.5,"{'learning_rate': 0.01, 'max_depth': 4, 'n_estimators': 100}",xgboost_fingerprint_seed-123_size-0.0029.txt
A2a,xgboost,123,20,0.5993,0.4458,0.4376,0.4417,0.6416,"{'learning_rate': 0.1, 'max_depth': 4, 'n_estimators': 300}",xgboost_fingerprint_seed-123_size-0.0057.txt
A2a,xgboost,123,50,0.6822,0.5652,0.5317,0.5479,0.7178,"{'learning_rate': 0.1, 'max_depth': 4, 'n_estimators': 100}",xgboost_fingerprint_seed-123_size-0.0143.txt
A2a,xgboost,123,100,0.7267,0.6523,0.5256,0.5821,0.768,"{'learning_rate': 0.1, 'max_depth': 8, 'n_estimators': 300}",xgboost_fingerprint_seed-123_size-0.0286.txt
A2a,xgboost,123,500,0.7748,0.7229,0.6135,0.6637,0.8321,"{'learning_rate': 0.1, 'max_depth': 8, 'n_estimators': 100}",xgboost_fingerprint_seed-123_size-0.1428.txt
A2a,xgboost,2137,10,0.671,0.0,0.0,0.0,0.5,"{'learning_rate': 0.01, 'max_depth': 4, 'n_estimators': 100}",xgboost_fingerprint_seed-2137_size-0.0028.txt
A2a,xgboost,2137,20,0.6717,0.5385,0.0161,0.0313,0.4102,"{'learning_rate': 0.1, 'max_depth': 4, 'n_estimators': 100}",xgboost_fingerprint_seed-2137_size-0.0055.txt
A2a,xgboost,2137,50,0.6437,0.4647,0.5461,0.5021,0.7141,"{'learning_rate': 0.1, 'max_depth': 4, 'n_estimators': 300}",xgboost_fingerprint_seed-2137_size-0.0138.txt
A2a,xgboost,2137,100,0.7453,0.6317,0.5415,0.5831,0.7689,"{'learning_rate': 0.1, 'max_depth': 4, 'n_estimators': 100}",xgboost_fingerprint_seed-2137_size-0.0275.txt
A2a,xgboost,2137,500,0.8097,0.7259,0.6774,0.7008,0.8595,"{'learning_rate': 0.1, 'max_depth': 4, 'n_estimators': 300}",xgboost_fingerprint_seed-2137_size-0.1376.txt
BACE1,mlp,42,10,0.5513,0.3703,0.5286,0.4355,0.5493,"{'hidden_layer_sizes': (128, 64), 'learning_rate_init': 0.01}",classification_mlp_seed-42_size-0.001796.txt
BACE1,mlp,42,20,0.64,0.4621,0.6061,0.5244,0.6806,"{'hidden_layer_sizes': (128, 64), 'learning_rate_init': 0.01}",classification_mlp_seed-42_size-0.003592.txt
BACE1,mlp,42,50,0.7128,0.6591,0.2548,0.3675,0.6712,"{'hidden_layer_sizes': (128, 64), 'learning_rate_init': 0.01}",classification_mlp_seed-42_size-0.00898.txt
BACE1,mlp,42,100,0.7291,0.6204,0.4451,0.5183,0.7127,"{'hidden_layer_sizes': (128,), 'learning_rate_init': 0.01}",classification_mlp_seed-42_size-0.01796.txt
BACE1,mlp,42,500,0.7459,0.6299,0.5432,0.5833,0.7691,"{'hidden_layer_sizes': (256, 128), 'learning_rate_init': 0.01}",classification_mlp_seed-42_size-0.089799.txt
BACE1,mlp,123,10,0.635,0.4049,0.2314,0.2944,0.5182,"{'hidden_layer_sizes': (256, 128), 'learning_rate_init': 0.01}",classification_mlp_seed-123_size-0.001796.txt
BACE1,mlp,123,20,0.479,0.345,0.6485,0.4504,0.5612,"{'hidden_layer_sizes': (128, 64), 'learning_rate_init': 0.01}",classification_mlp_seed-123_size-0.003592.txt
BACE1,mlp,123,50,0.6658,0.4931,0.5436,0.5171,0.6692,"{'hidden_layer_sizes': (256,), 'learning_rate_init': 0.01}",classification_mlp_seed-123_size-0.00898.txt
BACE1,mlp,123,100,0.6808,0.5172,0.4551,0.4842,0.658,"{'hidden_layer_sizes': (256, 128), 'learning_rate_init': 0.01}",classification_mlp_seed-123_size-0.01796.txt
BACE1,mlp,123,500,0.7245,0.583,0.5727,0.5778,0.7634,"{'hidden_layer_sizes': (128,), 'learning_rate_init': 0.0001}",classification_mlp_seed-123_size-0.089799.txt
BACE1,mlp,2137,10,0.6463,0.4704,0.4355,0.4523,0.598,"{'hidden_layer_sizes': (256, 128), 'learning_rate_init': 0.01}",classification_mlp_seed-2137_size-0.001796.txt
BACE1,mlp,2137,20,0.5987,0.438,0.6952,0.5374,0.6578,"{'hidden_layer_sizes': (128, 64), 'learning_rate_init': 0.01}",classification_mlp_seed-2137_size-0.003592.txt
BACE1,mlp,2137,50,0.6896,0.5424,0.4742,0.506,0.6513,"{'hidden_layer_sizes': (256,), 'learning_rate_init': 0.01}",classification_mlp_seed-2137_size-0.00898.txt
BACE1,mlp,2137,100,0.729,0.6212,0.4919,0.5491,0.7442,"{'hidden_layer_sizes': (256, 128), 'learning_rate_init': 0.001}",classification_mlp_seed-2137_size-0.01796.txt
BACE1,mlp,2137,500,0.7496,0.6236,0.6387,0.6311,0.7962,"{'hidden_layer_sizes': (128, 64), 'learning_rate_init': 0.01}",classification_mlp_seed-2137_size-0.089799.txt
BACE1,randomforest,42,10,0.6774,0.8125,0.019,0.0372,0.6082,"{'max_depth': None, 'n_estimators': 500}",classification_randomforest_seed-42_size-0.001796.txt
BACE1,randomforest,42,20,0.674,0.5484,0.0249,0.0476,0.7185,"{'max_depth': None, 'n_estimators': 500}",classification_randomforest_seed-42_size-0.003592.txt
BACE1,randomforest,42,50,0.6937,0.7895,0.0878,0.1581,0.7473,"{'max_depth': 10, 'n_estimators': 500}",classification_randomforest_seed-42_size-0.00898.txt
BACE1,randomforest,42,100,0.7263,0.6514,0.3529,0.4577,0.7377,"{'max_depth': 10, 'n_estimators': 100}",classification_randomforest_seed-42_size-0.01796.txt
BACE1,randomforest,42,500,0.7675,0.6949,0.5168,0.5928,0.8157,"{'max_depth': None, 'n_estimators': 500}",classification_randomforest_seed-42_size-0.089799.txt
BACE1,randomforest,123,10,0.6808,1.0,0.0303,0.0589,0.5553,"{'max_depth': None, 'n_estimators': 300}",classification_randomforest_seed-123_size-0.001796.txt
BACE1,randomforest,123,20,0.6558,0.4416,0.1719,0.2475,0.5482,"{'max_depth': None, 'n_estimators': 100}",classification_randomforest_seed-123_size-0.003592.txt
BACE1,randomforest,123,50,0.6908,0.593,0.1934,0.2917,0.6875,"{'max_depth': None, 'n_estimators': 500}",classification_randomforest_seed-123_size-0.00898.txt
BACE1,randomforest,123,100,0.6896,0.5723,0.225,0.323,0.6912,"{'max_depth': None, 'n_estimators': 300}",classification_randomforest_seed-123_size-0.01796.txt
BACE1,randomforest,123,500,0.7449,0.6667,0.4501,0.5374,0.799,"{'max_depth': 20, 'n_estimators': 500}",classification_randomforest_seed-123_size-0.089799.txt
BACE1,randomforest,2137,10,0.6593,0.25,0.0081,0.0156,0.6549,"{'max_depth': None, 'n_estimators': 500}",classification_randomforest_seed-2137_size-0.001796.txt
BACE1,randomforest,2137,20,0.656,0.4184,0.0661,0.1142,0.6933,"{'max_depth': None, 'n_estimators': 500}",classification_randomforest_seed-2137_size-0.003592.txt
BACE1,randomforest,2137,50,0.7101,0.7121,0.2274,0.3447,0.6869,"{'max_depth': 10, 'n_estimators': 300}",classification_randomforest_seed-2137_size-0.00898.txt
BACE1,randomforest,2137,100,0.7382,0.6828,0.4097,0.5121,0.7837,"{'max_depth': None, 'n_estimators': 500}",classification_randomforest_seed-2137_size-0.01796.txt
BACE1,randomforest,2137,500,0.7653,0.7257,0.4823,0.5795,0.8207,"{'max_depth': None, 'n_estimators': 500}",classification_randomforest_seed-2137_size-0.089799.txt
BACE1,svm,42,10,0.6908,0.6759,0.1069,0.1846,0.4179,"{'C': 0.1, 'kernel': 'linear'}",classification_svm_seed-42_size-0.001796.txt
BACE1,svm,42,20,0.7009,0.5955,0.2694,0.371,0.6965,"{'C': 0.1, 'kernel': 'linear'}",classification_svm_seed-42_size-0.003592.txt
BACE1,svm,42,50,0.7028,0.5858,0.3148,0.4095,0.7101,"{'C': 1, 'kernel': 'linear'}",classification_svm_seed-42_size-0.00898.txt
BACE1,svm,42,100,0.7349,0.619,0.4949,0.55,0.7513,"{'C': 0.1, 'kernel': 'linear'}",classification_svm_seed-42_size-0.01796.txt
BACE1,svm,42,500,0.7392,0.6153,0.5432,0.577,0.7774,"{'C': 0.1, 'kernel': 'linear'}",classification_svm_seed-42_size-0.089799.txt
BACE1,svm,123,10,0.6816,0.6585,0.0683,0.1237,0.4569,"{'C': 0.1, 'kernel': 'linear'}",classification_svm_seed-123_size-0.001796.txt
BACE1,svm,123,20,0.6292,0.4265,0.3666,0.3943,0.4097,"{'C': 0.1, 'kernel': 'linear'}",classification_svm_seed-123_size-0.003592.txt
BACE1,svm,123,50,0.6696,0.498,0.4766,0.4871,0.6739,"{'C': 0.1, 'kernel': 'linear'}",classification_svm_seed-123_size-0.00898.txt
BACE1,svm,123,100,0.6604,0.482,0.4223,0.4501,0.6259,"{'C': 1, 'kernel': 'linear'}",classification_svm_seed-123_size-0.01796.txt
BACE1,svm,123,500,0.7387,0.6023,0.6068,0.6045,0.7855,"{'C': 10, 'kernel': 'rbf'}",classification_svm_seed-123_size-0.089799.txt
BACE1,svm,2137,10,0.6512,0.2093,0.0145,0.0271,0.3739,"{'C': 0.1, 'kernel': 'linear'}",classification_svm_seed-2137_size-0.001796.txt
BACE1,svm,2137,20,0.6933,0.5671,0.3613,0.4414,0.6823,"{'C': 0.1, 'kernel': 'linear'}",classification_svm_seed-2137_size-0.003592.txt
BACE1,svm,2137,50,0.7128,0.6121,0.3919,0.4779,0.689,"{'C': 1, 'kernel': 'linear'}",classification_svm_seed-2137_size-0.00898.txt
BACE1,svm,2137,100,0.7231,0.5993,0.5258,0.5601,0.7493,"{'C': 1, 'kernel': 'linear'}",classification_svm_seed-2137_size-0.01796.txt
BACE1,svm,2137,500,0.761,0.6508,0.6194,0.6347,0.8113,"{'C': 0.1, 'kernel': 'linear'}",classification_svm_seed-2137_size-0.089799.txt
BACE1,xgboost,42,10,0.6726,0.0,0.0,0.0,0.5,"{'learning_rate': 0.01, 'max_depth': 3, 'n_estimators': 100}",classification_xgboost_seed-42_size-0.001796.txt
BACE1,xgboost,42,20,0.6496,0.4245,0.1977,0.2697,0.6359,"{'learning_rate': 0.1, 'max_depth': 3, 'n_estimators': 500}",classification_xgboost_seed-42_size-0.003592.txt
BACE1,xgboost,42,50,0.6841,0.5314,0.2972,0.3812,0.7045,"{'learning_rate': 0.1, 'max_depth': 3, 'n_estimators': 300}",classification_xgboost_seed-42_size-0.00898.txt
BACE1,xgboost,42,100,0.7037,0.5727,0.3748,0.4531,0.7239,"{'learning_rate': 0.05, 'max_depth': 5, 'n_estimators': 300}",classification_xgboost_seed-42_size-0.01796.txt
BACE1,xgboost,42,500,0.756,0.6475,0.5593,0.6002,0.7933,"{'learning_rate': 0.05, 'max_depth': 7, 'n_estimators': 300}",classification_xgboost_seed-42_size-0.089799.txt
BACE1,xgboost,123,10,0.6708,0.0,0.0,0.0,0.5,"{'learning_rate': 0.01, 'max_depth': 3, 'n_estimators': 100}",classification_xgboost_seed-123_size-0.001796.txt
BACE1,xgboost,123,20,0.598,0.366,0.3021,0.331,0.5492,"{'learning_rate': 0.1, 'max_depth': 3, 'n_estimators': 500}",classification_xgboost_seed-123_size-0.003592.txt
BACE1,xgboost,123,50,0.623,0.4224,0.3957,0.4086,0.6127,"{'learning_rate': 0.1, 'max_depth': 3, 'n_estimators': 100}",classification_xgboost_seed-123_size-0.00898.txt
BACE1,xgboost,123,100,0.6771,0.5141,0.3451,0.413,0.6464,"{'learning_rate': 0.1, 'max_depth': 5, 'n_estimators': 500}",classification_xgboost_seed-123_size-0.01796.txt
BACE1,xgboost,123,500,0.7287,0.5916,0.5676,0.5794,0.771,"{'learning_rate': 0.1, 'max_depth': 7, 'n_estimators': 500}",classification_xgboost_seed-123_size-0.089799.txt
BACE1,xgboost,2137,10,0.6647,0.0,0.0,0.0,0.5,"{'learning_rate': 0.01, 'max_depth': 3, 'n_estimators': 100}",classification_xgboost_seed-2137_size-0.001796.txt
BACE1,xgboost,2137,20,0.6506,0.4463,0.1742,0.2506,0.5909,"{'learning_rate': 0.05, 'max_depth': 3, 'n_estimators': 500}",classification_xgboost_seed-2137_size-0.003592.txt
BACE1,xgboost,2137,50,0.682,0.5491,0.2887,0.3784,0.6502,"{'learning_rate': 0.1, 'max_depth': 3, 'n_estimators': 100}",classification_xgboost_seed-2137_size-0.00898.txt
BACE1,xgboost,2137,100,0.7258,0.6128,0.4952,0.5477,0.7396,"{'learning_rate': 0.1, 'max_depth': 7, 'n_estimators': 500}",classification_xgboost_seed-2137_size-0.01796.txt
BACE1,xgboost,2137,500,0.7701,0.6916,0.5677,0.6236,0.8085,"{'learning_rate': 0.01, 'max_depth': 5, 'n_estimators': 500}",classification_xgboost_seed-2137_size-0.089799.txt
TYK2,mlp,42,10,0.6495,0.7523,0.5554,0.639,0.7064,"{'hidden_layer_sizes': (128,), 'learning_rate_init': 0.001}",classification_mlp_seed-42_size-0.001676.txt
TYK2,mlp,42,20,0.6139,0.6217,0.7886,0.6953,0.7287,"{'hidden_layer_sizes': (128,), 'learning_rate_init': 0.001}",classification_mlp_seed-42_size-0.003351.txt
TYK2,mlp,42,50,0.686,0.7476,0.6611,0.7017,0.7741,"{'hidden_layer_sizes': (256,), 'learning_rate_init': 0.0001}",classification_mlp_seed-42_size-0.008378.txt
TYK2,mlp,42,100,0.7844,0.8327,0.7685,0.7993,0.873,"{'hidden_layer_sizes': (256,), 'learning_rate_init': 0.0001}",classification_mlp_seed-42_size-0.016756.txt
TYK2,mlp,42,500,0.8182,0.8577,0.8087,0.8325,0.889,"{'hidden_layer_sizes': (256,), 'learning_rate_init': 0.001}",classification_mlp_seed-42_size-0.08378.txt
TYK2,mlp,123,10,0.706,0.7412,0.6907,0.7151,0.7891,"{'hidden_layer_sizes': (256,), 'learning_rate_init': 0.001}",classification_mlp_seed-123_size-0.001676.txt
TYK2,mlp,123,20,0.6834,0.6716,0.797,0.729,0.7868,"{'hidden_layer_sizes': (256,), 'learning_rate_init': 0.0001}",classification_mlp_seed-123_size-0.003351.txt
TYK2,mlp,123,50,0.6769,0.6799,0.7466,0.7117,0.7752,"{'hidden_layer_sizes': (256,), 'learning_rate_init': 0.0001}",classification_mlp_seed-123_size-0.008378.txt
TYK2,mlp,123,100,0.77,0.7879,0.7793,0.7836,0.8144,"{'hidden_layer_sizes': (128,), 'learning_rate_init': 0.0001}",classification_mlp_seed-123_size-0.016756.txt
TYK2,mlp,123,500,0.8304,0.8362,0.8488,0.8425,0.9164,"{'hidden_layer_sizes': (128,), 'learning_rate_init': 0.0001}",classification_mlp_seed-123_size-0.08378.txt
TYK2,mlp,2137,10,0.5,0.4564,0.7174,0.5579,0.5981,"{'hidden_layer_sizes': (128,), 'learning_rate_init': 0.0001}",classification_mlp_seed-2137_size-0.001676.txt
TYK2,mlp,2137,20,0.6692,0.6022,0.7304,0.6601,0.7808,"{'hidden_layer_sizes': (128,), 'learning_rate_init': 0.001}",classification_mlp_seed-2137_size-0.003351.txt
TYK2,mlp,2137,50,0.6998,0.6377,0.7348,0.6828,0.7719,"{'hidden_layer_sizes': (128,), 'learning_rate_init': 0.0001}",classification_mlp_seed-2137_size-0.008378.txt
TYK2,mlp,2137,100,0.7409,0.6721,0.8022,0.7314,0.8583,"{'hidden_layer_sizes': (128,), 'learning_rate_init': 0.0001}",classification_mlp_seed-2137_size-0.016756.txt
TYK2,mlp,2137,500,0.8365,0.819,0.8065,0.8127,0.9015,"{'hidden_layer_sizes': (128,), 'learning_rate_init': 0.001}",classification_mlp_seed-2137_size-0.08378.txt
TYK2,randomforest,42,10,0.6157,0.7943,0.4211,0.5504,0.7342,"{'max_depth': None, 'n_estimators': 300}",classification_randomforest_seed-42_size-0.001676.txt
TYK2,randomforest,42,20,0.6542,0.661,0.7819,0.7164,0.743,"{'max_depth': None, 'n_estimators': 300}",classification_randomforest_seed-42_size-0.003351.txt
TYK2,randomforest,42,50,0.7057,0.7831,0.6544,0.713,0.788,"{'max_depth': None, 'n_estimators': 100}",classification_randomforest_seed-42_size-0.008378.txt
TYK2,randomforest,42,100,0.7891,0.8809,0.7198,0.7922,0.8752,"{'max_depth': None, 'n_estimators': 100}",classification_randomforest_seed-42_size-0.016756.txt
TYK2,randomforest,42,500,0.8285,0.8845,0.797,0.8385,0.8927,"{'max_depth': None, 'n_estimators': 100}",classification_randomforest_seed-42_size-0.08378.txt
TYK2,randomforest,123,10,0.6943,0.75,0.6417,0.6916,0.7787,"{'max_depth': None, 'n_estimators': 100}",classification_randomforest_seed-123_size-0.001676.txt
TYK2,randomforest,123,20,0.6696,0.6414,0.8651,0.7367,0.8171,"{'max_depth': None, 'n_estimators': 100}",classification_randomforest_seed-123_size-0.003351.txt
TYK2,randomforest,123,50,0.7082,0.7438,0.6921,0.717,0.7953,"{'max_depth': None, 'n_estimators': 100}",classification_randomforest_seed-123_size-0.008378.txt
TYK2,randomforest,123,100,0.7853,0.8331,0.748,0.7882,0.8606,"{'max_depth': 10, 'n_estimators': 300}",classification_randomforest_seed-123_size-0.016756.txt
TYK2,randomforest,123,500,0.8515,0.892,0.8215,0.8553,0.9276,"{'max_depth': None, 'n_estimators': 100}",classification_randomforest_seed-123_size-0.08378.txt
TYK2,randomforest,2137,10,0.4283,0.4315,0.9457,0.5926,0.5859,"{'max_depth': None, 'n_estimators': 300}",classification_randomforest_seed-2137_size-0.001676.txt
TYK2,randomforest,2137,20,0.7658,0.837,0.5804,0.6855,0.8021,"{'max_depth': None, 'n_estimators': 300}",classification_randomforest_seed-2137_size-0.003351.txt
TYK2,randomforest,2137,50,0.7266,0.6883,0.6913,0.6898,0.8067,"{'max_depth': 10, 'n_estimators': 100}",classification_randomforest_seed-2137_size-0.008378.txt
TYK2,randomforest,2137,100,0.7581,0.6942,0.8043,0.7452,0.8736,"{'max_depth': None, 'n_estimators': 300}",classification_randomforest_seed-2137_size-0.016756.txt
TYK2,randomforest,2137,500,0.8403,0.8322,0.7978,0.8146,0.9177,"{'max_depth': None, 'n_estimators': 100}",classification_randomforest_seed-2137_size-0.08378.txt
TYK2,svm,42,10,0.6429,0.7867,0.495,0.6076,0.724,"{'C': 0.1, 'kernel': 'linear'}",classification_svm_seed-42_size-0.001676.txt
TYK2,svm,42,20,0.6242,0.6082,0.9195,0.7321,0.7442,"{'C': 1, 'kernel': 'rbf'}",classification_svm_seed-42_size-0.003351.txt
TYK2,svm,42,50,0.716,0.8046,0.6493,0.7187,0.8091,"{'C': 10, 'kernel': 'rbf'}",classification_svm_seed-42_size-0.008378.txt
TYK2,svm,42,100,0.7844,0.9031,0.6879,0.781,0.8626,"{'C': 1, 'kernel': 'rbf'}",classification_svm_seed-42_size-0.016756.txt
TYK2,svm,42,500,0.8247,0.8619,0.8171,0.8389,0.8909,"{'C': 10, 'kernel': 'rbf'}",classification_svm_seed-42_size-0.08378.txt
TYK2,svm,123,10,0.6951,0.7434,0.6553,0.6966,0.7936,"{'C': 0.1, 'kernel': 'linear'}",classification_svm_seed-123_size-0.001676.txt
TYK2,svm,123,20,0.754,0.7552,0.7984,0.7762,0.8072,"{'C': 0.1, 'kernel': 'linear'}",classification_svm_seed-123_size-0.003351.txt
TYK2,svm,123,50,0.6929,0.7016,0.7398,0.7202,0.7994,"{'C': 10, 'kernel': 'rbf'}",classification_svm_seed-123_size-0.008378.txt
TYK2,svm,123,100,0.7817,0.8349,0.7371,0.7829,0.8584,"{'C': 1, 'kernel': 'rbf'}",classification_svm_seed-123_size-0.016756.txt
TYK2,svm,123,500,0.8537,0.9449,0.7711,0.8492,0.925,"{'C': 1, 'kernel': 'rbf'}",classification_svm_seed-123_size-0.08378.txt
TYK2,svm,2137,10,0.4398,0.4398,1.0,0.6109,0.4189,"{'C': 0.1, 'kernel': 'rbf'}",classification_svm_seed-2137_size-0.001676.txt
TYK2,svm,2137,20,0.4398,0.4398,1.0,0.6109,0.1949,"{'C': 0.1, 'kernel': 'rbf'}",classification_svm_seed-2137_size-0.003351.txt
TYK2,svm,2137,50,0.6979,0.62,0.8087,0.7019,0.8042,"{'C': 1, 'kernel': 'rbf'}",classification_svm_seed-2137_size-0.008378.txt
TYK2,svm,2137,100,0.7438,0.6846,0.7739,0.7265,0.862,"{'C': 10, 'kernel': 'rbf'}",classification_svm_seed-2137_size-0.016756.txt
TYK2,svm,2137,500,0.8461,0.8243,0.8261,0.8252,0.9114,"{'C': 10, 'kernel': 'rbf'}",classification_svm_seed-2137_size-0.08378.txt
TYK2,xgboost,42,10,0.6664,0.8727,0.4715,0.6122,0.6922,"{'learning_rate': 0.01, 'max_depth': 4, 'n_estimators': 100}",classification_xgboost_seed-42_size-0.001676.txt
TYK2,xgboost,42,20,0.5698,0.5884,0.7651,0.6652,0.5812,"{'learning_rate': 0.01, 'max_depth': 4, 'n_estimators': 100}",classification_xgboost_seed-42_size-0.003351.txt
TYK2,xgboost,42,50,0.7057,0.726,0.7601,0.7426,0.76,"{'learning_rate': 0.1, 'max_depth': 4, 'n_estimators': 100}",classification_xgboost_seed-42_size-0.008378.txt
TYK2,xgboost,42,100,0.7676,0.8734,0.6829,0.7665,0.8518,"{'learning_rate': 0.01, 'max_depth': 8, 'n_estimators': 300}",classification_xgboost_seed-42_size-0.016756.txt
TYK2,xgboost,42,500,0.8201,0.87,0.797,0.8319,0.8827,"{'learning_rate': 0.1, 'max_depth': 4, 'n_estimators': 300}",classification_xgboost_seed-42_size-0.08378.txt
TYK2,xgboost,123,10,0.6885,0.7398,0.6431,0.688,0.7114,"{'learning_rate': 0.01, 'max_depth': 4, 'n_estimators': 100}",classification_xgboost_seed-123_size-0.001676.txt
TYK2,xgboost,123,20,0.7627,0.7356,0.8678,0.7962,0.8338,"{'learning_rate': 0.01, 'max_depth': 4, 'n_estimators': 300}",classification_xgboost_seed-123_size-0.003351.txt
TYK2,xgboost,123,50,0.6652,0.7306,0.5913,0.6536,0.739,"{'learning_rate': 0.01, 'max_depth': 4, 'n_estimators': 300}",classification_xgboost_seed-123_size-0.008378.txt
TYK2,xgboost,123,100,0.7751,0.8234,0.7371,0.7779,0.8305,"{'learning_rate': 0.01, 'max_depth': 8, 'n_estimators': 300}",classification_xgboost_seed-123_size-0.016756.txt
TYK2,xgboost,123,500,0.8464,0.8657,0.8433,0.8544,0.9245,"{'learning_rate': 0.1, 'max_depth': 8, 'n_estimators': 300}",classification_xgboost_seed-123_size-0.08378.txt
TYK2,xgboost,2137,10,0.4398,0.4398,1.0,0.6109,0.5235,"{'learning_rate': 0.01, 'max_depth': 4, 'n_estimators': 100}",classification_xgboost_seed-2137_size-0.001676.txt
TYK2,xgboost,2137,20,0.6625,0.5989,0.7043,0.6474,0.7433,"{'learning_rate': 0.01, 'max_depth': 4, 'n_estimators': 100}",classification_xgboost_seed-2137_size-0.003351.txt
TYK2,xgboost,2137,50,0.6367,0.5752,0.6652,0.6169,0.6725,"{'learning_rate': 0.1, 'max_depth': 4, 'n_estimators': 100}",classification_xgboost_seed-2137_size-0.008378.txt
TYK2,xgboost,2137,100,0.7457,0.6964,0.7478,0.7212,0.8553,"{'learning_rate': 0.1, 'max_depth': 8, 'n_estimators': 300}",classification_xgboost_seed-2137_size-0.016756.txt
TYK2,xgboost,2137,500,0.8337,0.7955,0.837,0.8157,0.9035,"{'learning_rate': 0.1, 'max_depth': 4, 'n_estimators': 300}",classification_xgboost_seed-2137_size-0.08378.txt
