target,model,seed,size,rmse,mae,r2,best_params,file
A2a,mlp_gnn_small,123,10,3.2449,2.5561,-6.8675,"{'hidden_layer_sizes': (128,), 'learning_rate_init': 0.001}",mlp_gnn_small_seed-123_size-0.0029.txt
A2a,mlp_gnn_small,42,10,3.7604,2.899,-8.6892,"{'hidden_layer_sizes': (128,), 'learning_rate_init': 0.001}",mlp_gnn_small_seed-42_size-0.0029.txt
A2a,mlp_gnn_small,42,20,3.5077,2.7523,-7.4308,"{'hidden_layer_sizes': (128,), 'learning_rate_init': 0.001}",mlp_gnn_small_seed-42_size-0.0057.txt
A2a,mlp_gnn_small,42,50,2.9288,2.3151,-4.8778,"{'hidden_layer_sizes': (256,), 'learning_rate_init': 0.001}",mlp_gnn_small_seed-42_size-0.0143.txt
A2a,mlp_gnn_small,42,100,2.501,2.0014,-3.2859,"{'hidden_layer_sizes': (128,), 'learning_rate_init': 0.001}",mlp_gnn_small_seed-42_size-0.0286.txt
A2a,mlp_gnn_small,42,500,1.7601,1.4031,-1.1227,"{'hidden_layer_sizes': (256,), 'learning_rate_init': 0.001}",mlp_gnn_small_seed-42_size-0.1428.txt
A2a,mlp_gnn_small,123,20,3.5919,2.8428,-8.6405,"{'hidden_layer_sizes': (128,), 'learning_rate_init': 0.001}",mlp_gnn_small_seed-123_size-0.0057.txt
A2a,mlp_gnn_small,123,50,2.6731,2.1107,-4.3393,"{'hidden_layer_sizes': (128,), 'learning_rate_init': 0.001}",mlp_gnn_small_seed-123_size-0.0143.txt
A2a,mlp_gnn_small,123,100,2.4097,1.9102,-3.3389,"{'hidden_layer_sizes': (256,), 'learning_rate_init': 0.001}",mlp_gnn_small_seed-123_size-0.0286.txt
A2a,mlp_gnn_small,123,500,1.6856,1.3281,-1.123,"{'hidden_layer_sizes': (256,), 'learning_rate_init': 0.001}",mlp_gnn_small_seed-123_size-0.1428.txt
A2a,mlp_gnn_small,2137,10,3.3985,2.571,-6.5162,"{'hidden_layer_sizes': (128,), 'learning_rate_init': 0.001}",mlp_gnn_small_seed-2137_size-0.0028.txt
A2a,mlp_gnn_small,2137,20,2.9736,2.2552,-4.754,"{'hidden_layer_sizes': (128,), 'learning_rate_init': 0.001}",mlp_gnn_small_seed-2137_size-0.0055.txt
A2a,mlp_gnn_small,2137,50,2.792,2.1095,-4.0727,"{'hidden_layer_sizes': (128,), 'learning_rate_init': 0.001}",mlp_gnn_small_seed-2137_size-0.0138.txt
A2a,mlp_gnn_small,2137,100,2.6357,2.0449,-3.5206,"{'hidden_layer_sizes': (128,), 'learning_rate_init': 0.001}",mlp_gnn_small_seed-2137_size-0.0275.txt
A2a,mlp_gnn_small,2137,500,1.7255,1.3333,-0.9376,"{'hidden_layer_sizes': (128,), 'learning_rate_init': 0.001}",mlp_gnn_small_seed-2137_size-0.1376.txt
A2a,randomforest_gnn_small,42,10,1.2035,0.9863,0.0075,"{'max_depth': None, 'n_estimators': 100}",randomforest_gnn_small_seed-42_size-0.0029.txt
A2a,randomforest_gnn_small,42,20,1.1953,0.9798,0.021,"{'max_depth': None, 'n_estimators': 300}",randomforest_gnn_small_seed-42_size-0.0057.txt
A2a,randomforest_gnn_small,42,50,1.1317,0.9285,0.1224,"{'max_depth': None, 'n_estimators': 300}",randomforest_gnn_small_seed-42_size-0.0143.txt
A2a,randomforest_gnn_small,42,100,1.0789,0.8749,0.2024,"{'max_depth': 10, 'n_estimators': 100}",randomforest_gnn_small_seed-42_size-0.0286.txt
A2a,randomforest_gnn_small,42,500,1.0129,0.8117,0.297,"{'max_depth': None, 'n_estimators': 300}",randomforest_gnn_small_seed-42_size-0.1428.txt
A2a,randomforest_gnn_small,123,10,1.1602,0.9427,-0.0058,"{'max_depth': None, 'n_estimators': 300}",randomforest_gnn_small_seed-123_size-0.0029.txt
A2a,randomforest_gnn_small,123,20,1.1715,0.9448,-0.0254,"{'max_depth': None, 'n_estimators': 300}",randomforest_gnn_small_seed-123_size-0.0057.txt
A2a,randomforest_gnn_small,123,50,1.1158,0.8944,0.0698,"{'max_depth': None, 'n_estimators': 300}",randomforest_gnn_small_seed-123_size-0.0143.txt
A2a,randomforest_gnn_small,123,100,1.085,0.8836,0.1204,"{'max_depth': 10, 'n_estimators': 300}",randomforest_gnn_small_seed-123_size-0.0286.txt
A2a,randomforest_gnn_small,123,500,1.005,0.8059,0.2452,"{'max_depth': None, 'n_estimators': 300}",randomforest_gnn_small_seed-123_size-0.1428.txt
A2a,randomforest_gnn_small,2137,10,1.2846,1.0409,-0.0739,"{'max_depth': None, 'n_estimators': 100}",randomforest_gnn_small_seed-2137_size-0.0028.txt
A2a,randomforest_gnn_small,2137,20,1.2943,1.0499,-0.0902,"{'max_depth': None, 'n_estimators': 300}",randomforest_gnn_small_seed-2137_size-0.0055.txt
A2a,randomforest_gnn_small,2137,50,1.1477,0.9355,0.1428,"{'max_depth': 10, 'n_estimators': 300}",randomforest_gnn_small_seed-2137_size-0.0138.txt
A2a,randomforest_gnn_small,2137,100,1.1585,0.9426,0.1266,"{'max_depth': None, 'n_estimators': 300}",randomforest_gnn_small_seed-2137_size-0.0275.txt
A2a,randomforest_gnn_small,2137,500,1.0792,0.8805,0.2421,"{'max_depth': None, 'n_estimators': 300}",randomforest_gnn_small_seed-2137_size-0.1376.txt
A2a,svm_gnn_small,42,10,1.1731,0.9481,0.057,"{'C': 10, 'kernel': 'rbf'}",svm_gnn_small_seed-42_size-0.0029.txt
A2a,svm_gnn_small,42,20,1.1433,0.9354,0.1044,"{'C': 1, 'kernel': 'rbf'}",svm_gnn_small_seed-42_size-0.0057.txt
A2a,svm_gnn_small,42,50,1.0658,0.8664,0.2216,"{'C': 10, 'kernel': 'rbf'}",svm_gnn_small_seed-42_size-0.0143.txt
A2a,svm_gnn_small,42,100,1.0114,0.8022,0.2991,"{'C': 10, 'kernel': 'rbf'}",svm_gnn_small_seed-42_size-0.0286.txt
A2a,svm_gnn_small,42,500,0.9873,0.7841,0.3321,"{'C': 10, 'kernel': 'rbf'}",svm_gnn_small_seed-42_size-0.1428.txt
A2a,svm_gnn_small,123,10,1.1876,0.9588,0.0235,"{'C': 10, 'kernel': 'rbf'}",svm_gnn_small_seed-123_size-0.0029.txt
A2a,svm_gnn_small,123,20,1.1568,0.9457,0.069,"{'C': 1, 'kernel': 'rbf'}",svm_gnn_small_seed-123_size-0.0057.txt
A2a,svm_gnn_small,123,50,1.0534,0.8522,0.1867,"{'C': 10, 'kernel': 'rbf'}",svm_gnn_small_seed-123_size-0.0143.txt
A2a,svm_gnn_small,123,100,1.0288,0.8167,0.2145,"{'C': 10, 'kernel': 'rbf'}",svm_gnn_small_seed-123_size-0.0286.txt
A2a,svm_gnn_small,123,500,1.0157,0.7956,0.2987,"{'C': 10, 'kernel': 'rbf'}",svm_gnn_small_seed-123_size-0.1428.txt
A2a,svm_gnn_small,2137,10,1.2353,0.9983,0.0069,"{'C': 10, 'kernel': 'rbf'}",svm_gnn_small_seed-2137_size-0.0028.txt
A2a,svm_gnn_small,2137,20,1.1257,0.9235,0.0868,"{'C': 1, 'kernel': 'rbf'}",svm_gnn_small_seed-2137_size-0.0055.txt
A2a,svm_gnn_small,2137,50,1.0398,0.8457,0.1923,"{'C': 10, 'kernel': 'rbf'}",svm_gnn_small_seed-2137_size-0.0138.txt
A2a,svm_gnn_small,2137,100,1.0177,0.8087,0.2234,"{'C': 10, 'kernel': 'rbf'}",svm_gnn_small_seed-2137_size-0.0275.txt
A2a,svm_gnn_small,2137,500,1.0088,0.7823,0.3098,"{'C': 10, 'kernel': 'rbf'}",svm_gnn_small_seed-2137_size-0.1376.txt
A2a,xgboost_gnn_small,42,10,1.2744,1.036,-0.1129,"{'learning_rate': 0.01, 'max_depth': 4, 'n_estimators': 100}",xgboost_gnn_small_seed-42_size-0.0029.txt
A2a,xgboost_gnn_small,42,20,1.3867,1.1232,-0.3176,"{'learning_rate': 0.01, 'max_depth': 8, 'n_estimators': 100}",xgboost_gnn_small_seed-42_size-0.0057.txt
A2a,xgboost_gnn_small,42,50,1.1826,0.9482,0.0418,"{'learning_rate': 0.01, 'max_depth': 4, 'n_estimators': 300}",xgboost_gnn_small_seed-42_size-0.0143.txt
A2a,xgboost_gnn_small,42,100,1.1066,0.8927,0.1609,"{'learning_rate': 0.1, 'max_depth': 4, 'n_estimators': 300}",xgboost_gnn_small_seed-42_size-0.0286.txt
A2a,xgboost_gnn_small,42,500,1.0299,0.8172,0.2731,"{'learning_rate': 0.1, 'max_depth': 4, 'n_estimators': 300}",xgboost_gnn_small_seed-42_size-0.1428.txt
A2a,xgboost_gnn_small,123,10,1.1613,0.9537,-0.0078,"{'learning_rate': 0.01, 'max_depth': 4, 'n_estimators': 100}",xgboost_gnn_small_seed-123_size-0.0029.txt
A2a,xgboost_gnn_small,123,20,1.2747,1.0211,-0.2142,"{'learning_rate': 0.01, 'max_depth': 4, 'n_estimators': 100}",xgboost_gnn_small_seed-123_size-0.0057.txt
A2a,xgboost_gnn_small,123,50,1.2022,0.9675,-0.08,"{'learning_rate': 0.01, 'max_depth': 4, 'n_estimators': 100}",xgboost_gnn_small_seed-123_size-0.0143.txt
A2a,xgboost_gnn_small,123,100,1.1407,0.9176,0.0277,"{'learning_rate': 0.01, 'max_depth': 4, 'n_estimators': 100}",xgboost_gnn_small_seed-123_size-0.0286.txt
A2a,xgboost_gnn_small,123,500,1.0181,0.8166,0.2256,"{'learning_rate': 0.1, 'max_depth': 4, 'n_estimators': 300}",xgboost_gnn_small_seed-123_size-0.1428.txt
A2a,xgboost_gnn_small,2137,10,1.3685,1.1204,-0.2187,"{'learning_rate': 0.01, 'max_depth': 4, 'n_estimators': 100}",xgboost_gnn_small_seed-2137_size-0.0028.txt
A2a,xgboost_gnn_small,2137,20,1.3467,1.0928,-0.1803,"{'learning_rate': 0.01, 'max_depth': 4, 'n_estimators': 100}",xgboost_gnn_small_seed-2137_size-0.0055.txt
A2a,xgboost_gnn_small,2137,50,1.2239,0.9959,0.0253,"{'learning_rate': 0.01, 'max_depth': 4, 'n_estimators': 100}",xgboost_gnn_small_seed-2137_size-0.0138.txt
A2a,xgboost_gnn_small,2137,100,1.2005,0.9729,0.0622,"{'learning_rate': 0.01, 'max_depth': 4, 'n_estimators': 100}",xgboost_gnn_small_seed-2137_size-0.0275.txt
A2a,xgboost_gnn_small,2137,500,1.0644,0.8482,0.2628,"{'learning_rate': 0.1, 'max_depth': 4, 'n_estimators': 100}",xgboost_gnn_small_seed-2137_size-0.1376.txt
BACE1,mlp,42,10,1.7506,1.2239,-1.2016,"{'hidden_layer_sizes': (256, 128), 'learning_rate_init': 0.01}",regression_mlp_seed-42_size-0.001796.txt
BACE1,mlp,42,20,1.634,1.215,-0.9179,"{'hidden_layer_sizes': (128,), 'learning_rate_init': 0.01}",regression_mlp_seed-42_size-0.003592.txt
BACE1,mlp,42,50,1.5959,1.0733,-0.8295,"{'hidden_layer_sizes': (256,), 'learning_rate_init': 0.01}",regression_mlp_seed-42_size-0.00898.txt
BACE1,mlp,42,100,1.656,1.2284,-0.97,"{'hidden_layer_sizes': (128,), 'learning_rate_init': 0.01}",regression_mlp_seed-42_size-0.01796.txt
BACE1,mlp,42,500,1.3473,0.9385,-0.304,"{'hidden_layer_sizes': (128,), 'learning_rate_init': 0.01}",regression_mlp_seed-42_size-0.089799.txt
BACE1,mlp,123,10,2.1218,1.785,-2.0944,"{'hidden_layer_sizes': (256, 128), 'learning_rate_init': 0.01}",regression_mlp_seed-123_size-0.001796.txt
BACE1,mlp,123,20,1.9841,1.3653,-1.7058,"{'hidden_layer_sizes': (256, 128), 'learning_rate_init': 0.01}",regression_mlp_seed-123_size-0.003592.txt
BACE1,mlp,123,50,1.6147,1.2097,-0.7921,"{'hidden_layer_sizes': (256,), 'learning_rate_init': 0.01}",regression_mlp_seed-123_size-0.00898.txt
BACE1,mlp,123,100,1.5039,1.2031,-0.5546,"{'hidden_layer_sizes': (128,), 'learning_rate_init': 0.01}",regression_mlp_seed-123_size-0.01796.txt
BACE1,mlp,123,500,1.102,0.8669,0.1653,"{'hidden_layer_sizes': (256,), 'learning_rate_init': 0.01}",regression_mlp_seed-123_size-0.089799.txt
BACE1,mlp,2137,10,1.7721,1.1776,-1.2161,"{'hidden_layer_sizes': (256, 128), 'learning_rate_init': 0.01}",regression_mlp_seed-2137_size-0.001796.txt
BACE1,mlp,2137,20,2.1356,1.4639,-2.2186,"{'hidden_layer_sizes': (128,), 'learning_rate_init': 0.01}",regression_mlp_seed-2137_size-0.003592.txt
BACE1,mlp,2137,50,1.6638,1.1356,-0.9536,"{'hidden_layer_sizes': (256, 128), 'learning_rate_init': 0.01}",regression_mlp_seed-2137_size-0.00898.txt
BACE1,mlp,2137,100,1.5389,1.0617,-0.6713,"{'hidden_layer_sizes': (128,), 'learning_rate_init': 0.01}",regression_mlp_seed-2137_size-0.01796.txt
BACE1,mlp,2137,500,1.4353,1.062,-0.4538,"{'hidden_layer_sizes': (256,), 'learning_rate_init': 0.01}",regression_mlp_seed-2137_size-0.089799.txt
BACE1,randomforest,42,10,1.1581,0.9513,0.0365,"{'max_depth': None, 'n_estimators': 500}",regression_randomforest_seed-42_size-0.001796.txt
BACE1,randomforest,42,20,1.112,0.8857,0.1117,"{'max_depth': None, 'n_estimators': 100}",regression_randomforest_seed-42_size-0.003592.txt
BACE1,randomforest,42,50,1.0262,0.8133,0.2435,"{'max_depth': 5, 'n_estimators': 300}",regression_randomforest_seed-42_size-0.00898.txt
BACE1,randomforest,42,100,1.0088,0.7907,0.269,"{'max_depth': None, 'n_estimators': 500}",regression_randomforest_seed-42_size-0.01796.txt
BACE1,randomforest,42,500,0.9226,0.7167,0.3886,"{'max_depth': 20, 'n_estimators': 100}",regression_randomforest_seed-42_size-0.089799.txt
BACE1,randomforest,123,10,1.1686,0.9383,0.0615,"{'max_depth': None, 'n_estimators': 500}",regression_randomforest_seed-123_size-0.001796.txt
BACE1,randomforest,123,20,1.1369,0.8847,0.1116,"{'max_depth': 5, 'n_estimators': 500}",regression_randomforest_seed-123_size-0.003592.txt
BACE1,randomforest,123,50,1.1167,0.8723,0.143,"{'max_depth': None, 'n_estimators': 300}",regression_randomforest_seed-123_size-0.00898.txt
BACE1,randomforest,123,100,1.0531,0.8322,0.2377,"{'max_depth': 5, 'n_estimators': 100}",regression_randomforest_seed-123_size-0.01796.txt
BACE1,randomforest,123,500,0.9614,0.7617,0.3648,"{'max_depth': None, 'n_estimators': 300}",regression_randomforest_seed-123_size-0.089799.txt
BACE1,randomforest,2137,10,1.1722,0.9605,0.0303,"{'max_depth': None, 'n_estimators': 300}",regression_randomforest_seed-2137_size-0.001796.txt
BACE1,randomforest,2137,20,1.0513,0.8462,0.22,"{'max_depth': 5, 'n_estimators': 500}",regression_randomforest_seed-2137_size-0.003592.txt
BACE1,randomforest,2137,50,1.0306,0.8155,0.2504,"{'max_depth': 5, 'n_estimators': 500}",regression_randomforest_seed-2137_size-0.00898.txt
BACE1,randomforest,2137,100,0.9786,0.7782,0.3242,"{'max_depth': 10, 'n_estimators': 100}",regression_randomforest_seed-2137_size-0.01796.txt
BACE1,randomforest,2137,500,0.9348,0.7334,0.3832,"{'max_depth': None, 'n_estimators': 300}",regression_randomforest_seed-2137_size-0.089799.txt
BACE1,svm,42,10,1.0853,0.8572,0.1539,"{'C': 10, 'kernel': 'rbf'}",regression_svm_seed-42_size-0.001796.txt
BACE1,svm,42,20,1.0401,0.8065,0.2229,"{'C': 10, 'kernel': 'rbf'}",regression_svm_seed-42_size-0.003592.txt
BACE1,svm,42,50,1.0191,0.8134,0.2539,"{'C': 1, 'kernel': 'rbf'}",regression_svm_seed-42_size-0.00898.txt
BACE1,svm,42,100,0.9959,0.7762,0.2875,"{'C': 1, 'kernel': 'rbf'}",regression_svm_seed-42_size-0.01796.txt
BACE1,svm,42,500,0.9447,0.7306,0.3589,"{'C': 1, 'kernel': 'rbf'}",regression_svm_seed-42_size-0.089799.txt
BACE1,svm,123,10,1.1556,0.9158,0.0821,"{'C': 10, 'kernel': 'rbf'}",regression_svm_seed-123_size-0.001796.txt
BACE1,svm,123,20,1.1096,0.8877,0.1538,"{'C': 1, 'kernel': 'rbf'}",regression_svm_seed-123_size-0.003592.txt
BACE1,svm,123,50,1.0905,0.8525,0.1827,"{'C': 1, 'kernel': 'rbf'}",regression_svm_seed-123_size-0.00898.txt
BACE1,svm,123,100,1.0696,0.8352,0.2137,"{'C': 10, 'kernel': 'rbf'}",regression_svm_seed-123_size-0.01796.txt
BACE1,svm,123,500,0.9569,0.7518,0.3707,"{'C': 10, 'kernel': 'rbf'}",regression_svm_seed-123_size-0.089799.txt
BACE1,svm,2137,10,1.0365,0.8314,0.2418,"{'C': 10, 'kernel': 'rbf'}",regression_svm_seed-2137_size-0.001796.txt
BACE1,svm,2137,20,1.043,0.8084,0.2322,"{'C': 10, 'kernel': 'rbf'}",regression_svm_seed-2137_size-0.003592.txt
BACE1,svm,2137,50,0.9835,0.7619,0.3173,"{'C': 10, 'kernel': 'rbf'}",regression_svm_seed-2137_size-0.00898.txt
BACE1,svm,2137,100,0.9842,0.7668,0.3164,"{'C': 10, 'kernel': 'rbf'}",regression_svm_seed-2137_size-0.01796.txt
BACE1,svm,2137,500,0.9322,0.725,0.3867,"{'C': 1, 'kernel': 'rbf'}",regression_svm_seed-2137_size-0.089799.txt
BACE1,xgboost,42,10,1.2755,1.037,-0.1687,"{'learning_rate': 0.01, 'max_depth': 3, 'n_estimators': 100}",regression_xgboost_seed-42_size-0.001796.txt
BACE1,xgboost,42,20,1.2602,1.004,-0.1408,"{'learning_rate': 0.01, 'max_depth': 3, 'n_estimators': 100}",regression_xgboost_seed-42_size-0.003592.txt
BACE1,xgboost,42,50,1.0852,0.8606,0.154,"{'learning_rate': 0.05, 'max_depth': 3, 'n_estimators': 300}",regression_xgboost_seed-42_size-0.00898.txt
BACE1,xgboost,42,100,1.0336,0.8087,0.2325,"{'learning_rate': 0.01, 'max_depth': 3, 'n_estimators': 300}",regression_xgboost_seed-42_size-0.01796.txt
BACE1,xgboost,42,500,0.9294,0.7221,0.3795,"{'learning_rate': 0.01, 'max_depth': 5, 'n_estimators': 500}",regression_xgboost_seed-42_size-0.089799.txt
BACE1,xgboost,123,10,1.3104,1.083,-0.1802,"{'learning_rate': 0.01, 'max_depth': 3, 'n_estimators': 100}",regression_xgboost_seed-123_size-0.001796.txt
BACE1,xgboost,123,20,1.123,0.8852,0.1332,"{'learning_rate': 0.01, 'max_depth': 3, 'n_estimators': 100}",regression_xgboost_seed-123_size-0.003592.txt
BACE1,xgboost,123,50,1.1566,0.8999,0.0806,"{'learning_rate': 0.01, 'max_depth': 3, 'n_estimators': 300}",regression_xgboost_seed-123_size-0.00898.txt
BACE1,xgboost,123,100,1.059,0.8325,0.2292,"{'learning_rate': 0.05, 'max_depth': 3, 'n_estimators': 500}",regression_xgboost_seed-123_size-0.01796.txt
BACE1,xgboost,123,500,0.9796,0.7765,0.3405,"{'learning_rate': 0.05, 'max_depth': 3, 'n_estimators': 300}",regression_xgboost_seed-123_size-0.089799.txt
BACE1,xgboost,2137,10,1.2691,1.03,-0.1366,"{'learning_rate': 0.01, 'max_depth': 3, 'n_estimators': 100}",regression_xgboost_seed-2137_size-0.001796.txt
BACE1,xgboost,2137,20,1.1816,0.963,0.0147,"{'learning_rate': 0.01, 'max_depth': 3, 'n_estimators': 100}",regression_xgboost_seed-2137_size-0.003592.txt
BACE1,xgboost,2137,50,1.0399,0.8167,0.2369,"{'learning_rate': 0.01, 'max_depth': 3, 'n_estimators': 300}",regression_xgboost_seed-2137_size-0.00898.txt
BACE1,xgboost,2137,100,0.9934,0.7844,0.3036,"{'learning_rate': 0.1, 'max_depth': 3, 'n_estimators': 300}",regression_xgboost_seed-2137_size-0.01796.txt
BACE1,xgboost,2137,500,0.9343,0.7316,0.384,"{'learning_rate': 0.01, 'max_depth': 3, 'n_estimators': 500}",regression_xgboost_seed-2137_size-0.089799.txt
TYK2,mlp,42,10,3.7194,2.95,-8.1637,"{'hidden_layer_sizes': (256,), 'learning_rate_init': 0.001}",regression_mlp_seed-42_size-0.001676.txt
TYK2,mlp,42,20,3.6802,2.8728,-7.9715,"{'hidden_layer_sizes': (128,), 'learning_rate_init': 0.001}",regression_mlp_seed-42_size-0.003351.txt
TYK2,mlp,42,50,3.6003,2.8317,-7.5864,"{'hidden_layer_sizes': (128,), 'learning_rate_init': 0.001}",regression_mlp_seed-42_size-0.008378.txt
TYK2,mlp,42,100,2.9134,2.3203,-4.6224,"{'hidden_layer_sizes': (128,), 'learning_rate_init': 0.001}",regression_mlp_seed-42_size-0.016756.txt
TYK2,mlp,42,500,1.7758,1.3925,-1.089,"{'hidden_layer_sizes': (256,), 'learning_rate_init': 0.001}",regression_mlp_seed-42_size-0.08378.txt
TYK2,mlp,123,10,4.3245,3.5328,-11.5704,"{'hidden_layer_sizes': (128,), 'learning_rate_init': 0.001}",regression_mlp_seed-123_size-0.001676.txt
TYK2,mlp,123,20,3.6907,2.9397,-8.1558,"{'hidden_layer_sizes': (256,), 'learning_rate_init': 0.001}",regression_mlp_seed-123_size-0.003351.txt
TYK2,mlp,123,50,3.3023,2.5909,-6.3298,"{'hidden_layer_sizes': (256,), 'learning_rate_init': 0.001}",regression_mlp_seed-123_size-0.008378.txt
TYK2,mlp,123,100,3.0653,2.4002,-5.3158,"{'hidden_layer_sizes': (256,), 'learning_rate_init': 0.001}",regression_mlp_seed-123_size-0.016756.txt
TYK2,mlp,123,500,2.0471,1.6183,-1.8168,"{'hidden_layer_sizes': (128,), 'learning_rate_init': 0.001}",regression_mlp_seed-123_size-0.08378.txt
TYK2,mlp,2137,10,5.0268,4.1422,-16.3432,"{'hidden_layer_sizes': (128,), 'learning_rate_init': 0.001}",regression_mlp_seed-2137_size-0.001676.txt
TYK2,mlp,2137,20,4.275,3.2977,-11.5434,"{'hidden_layer_sizes': (256,), 'learning_rate_init': 0.001}",regression_mlp_seed-2137_size-0.003351.txt
TYK2,mlp,2137,50,2.9452,2.29,-4.9538,"{'hidden_layer_sizes': (256,), 'learning_rate_init': 0.001}",regression_mlp_seed-2137_size-0.008378.txt
TYK2,mlp,2137,100,2.7491,2.1409,-4.1873,"{'hidden_layer_sizes': (256,), 'learning_rate_init': 0.001}",regression_mlp_seed-2137_size-0.016756.txt
TYK2,mlp,2137,500,1.9222,1.5189,-1.5361,"{'hidden_layer_sizes': (256,), 'learning_rate_init': 0.001}",regression_mlp_seed-2137_size-0.08378.txt
TYK2,randomforest,42,10,1.1656,0.9834,0.1,"{'max_depth': None, 'n_estimators': 300}",regression_randomforest_seed-42_size-0.001676.txt
TYK2,randomforest,42,20,1.226,1.0078,0.0043,"{'max_depth': None, 'n_estimators': 100}",regression_randomforest_seed-42_size-0.003351.txt
TYK2,randomforest,42,50,0.9768,0.7776,0.3679,"{'max_depth': 10, 'n_estimators': 300}",regression_randomforest_seed-42_size-0.008378.txt
TYK2,randomforest,42,100,0.9975,0.8037,0.3409,"{'max_depth': 10, 'n_estimators': 300}",regression_randomforest_seed-42_size-0.016756.txt
TYK2,randomforest,42,500,0.8788,0.6912,0.4885,"{'max_depth': None, 'n_estimators': 300}",regression_randomforest_seed-42_size-0.08378.txt
TYK2,randomforest,123,10,1.1092,0.8948,0.1731,"{'max_depth': None, 'n_estimators': 300}",regression_randomforest_seed-123_size-0.001676.txt
TYK2,randomforest,123,20,1.0681,0.8545,0.2332,"{'max_depth': None, 'n_estimators': 300}",regression_randomforest_seed-123_size-0.003351.txt
TYK2,randomforest,123,50,0.9734,0.7655,0.3631,"{'max_depth': None, 'n_estimators': 300}",regression_randomforest_seed-123_size-0.008378.txt
TYK2,randomforest,123,100,1.0159,0.8149,0.3063,"{'max_depth': None, 'n_estimators': 300}",regression_randomforest_seed-123_size-0.016756.txt
TYK2,randomforest,123,500,0.8731,0.6697,0.4877,"{'max_depth': None, 'n_estimators': 100}",regression_randomforest_seed-123_size-0.08378.txt
TYK2,randomforest,2137,10,1.3272,1.1149,-0.209,"{'max_depth': None, 'n_estimators': 100}",regression_randomforest_seed-2137_size-0.001676.txt
TYK2,randomforest,2137,20,1.0249,0.838,0.279,"{'max_depth': None, 'n_estimators': 100}",regression_randomforest_seed-2137_size-0.003351.txt
TYK2,randomforest,2137,50,1.0723,0.8585,0.2108,"{'max_depth': None, 'n_estimators': 300}",regression_randomforest_seed-2137_size-0.008378.txt
TYK2,randomforest,2137,100,0.9963,0.7855,0.3187,"{'max_depth': 10, 'n_estimators': 100}",regression_randomforest_seed-2137_size-0.016756.txt
TYK2,randomforest,2137,500,0.8943,0.6991,0.4511,"{'max_depth': None, 'n_estimators': 300}",regression_randomforest_seed-2137_size-0.08378.txt
TYK2,svm,42,10,1.1836,1.0113,0.0719,"{'C': 1, 'kernel': 'rbf'}",regression_svm_seed-42_size-0.001676.txt
TYK2,svm,42,20,1.2093,0.9837,0.0312,"{'C': 1, 'kernel': 'rbf'}",regression_svm_seed-42_size-0.003351.txt
TYK2,svm,42,50,1.0029,0.7782,0.3338,"{'C': 10, 'kernel': 'rbf'}",regression_svm_seed-42_size-0.008378.txt
TYK2,svm,42,100,1.0624,0.7863,0.2524,"{'C': 10, 'kernel': 'rbf'}",regression_svm_seed-42_size-0.016756.txt
TYK2,svm,42,500,0.7957,0.6094,0.5806,"{'C': 10, 'kernel': 'rbf'}",regression_svm_seed-42_size-0.08378.txt
TYK2,svm,123,10,1.1032,0.8525,0.182,"{'C': 0.1, 'kernel': 'linear'}",regression_svm_seed-123_size-0.001676.txt
TYK2,svm,123,20,0.9796,0.7768,0.355,"{'C': 10, 'kernel': 'rbf'}",regression_svm_seed-123_size-0.003351.txt
TYK2,svm,123,50,0.9384,0.7257,0.4081,"{'C': 10, 'kernel': 'rbf'}",regression_svm_seed-123_size-0.008378.txt
TYK2,svm,123,100,1.0116,0.803,0.3122,"{'C': 10, 'kernel': 'rbf'}",regression_svm_seed-123_size-0.016756.txt
TYK2,svm,123,500,0.8067,0.6079,0.5625,"{'C': 10, 'kernel': 'rbf'}",regression_svm_seed-123_size-0.08378.txt
TYK2,svm,2137,10,1.2758,1.0637,-0.1171,"{'C': 10, 'kernel': 'rbf'}",regression_svm_seed-2137_size-0.001676.txt
TYK2,svm,2137,20,1.1937,0.9788,0.0221,"{'C': 10, 'kernel': 'rbf'}",regression_svm_seed-2137_size-0.003351.txt
TYK2,svm,2137,50,1.0441,0.823,0.2518,"{'C': 10, 'kernel': 'rbf'}",regression_svm_seed-2137_size-0.008378.txt
TYK2,svm,2137,100,0.9663,0.7413,0.3592,"{'C': 10, 'kernel': 'rbf'}",regression_svm_seed-2137_size-0.016756.txt
TYK2,svm,2137,500,0.8154,0.632,0.5437,"{'C': 10, 'kernel': 'rbf'}",regression_svm_seed-2137_size-0.08378.txt
TYK2,xgboost,42,10,1.2066,1.0089,0.0356,"{'learning_rate': 0.01, 'max_depth': 4, 'n_estimators': 100}",regression_xgboost_seed-42_size-0.001676.txt
TYK2,xgboost,42,20,1.2339,1.0225,-0.0085,"{'learning_rate': 0.01, 'max_depth': 4, 'n_estimators': 100}",regression_xgboost_seed-42_size-0.003351.txt
TYK2,xgboost,42,50,1.1326,0.9045,0.1503,"{'learning_rate': 0.01, 'max_depth': 4, 'n_estimators': 100}",regression_xgboost_seed-42_size-0.008378.txt
TYK2,xgboost,42,100,1.0626,0.8455,0.2521,"{'learning_rate': 0.01, 'max_depth': 4, 'n_estimators': 300}",regression_xgboost_seed-42_size-0.016756.txt
TYK2,xgboost,42,500,0.849,0.6611,0.5225,"{'learning_rate': 0.1, 'max_depth': 4, 'n_estimators': 300}",regression_xgboost_seed-42_size-0.08378.txt
TYK2,xgboost,123,10,1.2527,1.0133,-0.0548,"{'learning_rate': 0.01, 'max_depth': 4, 'n_estimators': 100}",regression_xgboost_seed-123_size-0.001676.txt
TYK2,xgboost,123,20,1.1231,0.9009,0.1522,"{'learning_rate': 0.01, 'max_depth': 8, 'n_estimators': 300}",regression_xgboost_seed-123_size-0.003351.txt
TYK2,xgboost,123,50,1.1287,0.9179,0.1437,"{'learning_rate': 0.01, 'max_depth': 4, 'n_estimators': 100}",regression_xgboost_seed-123_size-0.008378.txt
TYK2,xgboost,123,100,1.049,0.8301,0.2603,"{'learning_rate': 0.01, 'max_depth': 4, 'n_estimators': 300}",regression_xgboost_seed-123_size-0.016756.txt
TYK2,xgboost,123,500,0.8536,0.6508,0.5103,"{'learning_rate': 0.1, 'max_depth': 4, 'n_estimators': 300}",regression_xgboost_seed-123_size-0.08378.txt
TYK2,xgboost,2137,10,1.4021,1.1658,-0.3493,"{'learning_rate': 0.01, 'max_depth': 4, 'n_estimators': 100}",regression_xgboost_seed-2137_size-0.001676.txt
TYK2,xgboost,2137,20,1.1844,0.9545,0.0372,"{'learning_rate': 0.01, 'max_depth': 4, 'n_estimators': 100}",regression_xgboost_seed-2137_size-0.003351.txt
TYK2,xgboost,2137,50,1.1361,0.8978,0.1142,"{'learning_rate': 0.1, 'max_depth': 4, 'n_estimators': 300}",regression_xgboost_seed-2137_size-0.008378.txt
TYK2,xgboost,2137,100,1.0567,0.8247,0.2336,"{'learning_rate': 0.01, 'max_depth': 4, 'n_estimators': 300}",regression_xgboost_seed-2137_size-0.016756.txt
TYK2,xgboost,2137,500,0.8593,0.6679,0.4932,"{'learning_rate': 0.1, 'max_depth': 4, 'n_estimators': 300}",regression_xgboost_seed-2137_size-0.08378.txt
