"target","model","seed","train_size","rmse","mae","r2","best_params","file"
"TYK2","mlp","123","0.001676","2.272101","1.864245","-2.469967","{'hidden_layer_sizes': (256,), 'learning_rate_init': 0.001}","regression_mlp_seed-123_size-0.001676.txt"
"TYK2","mlp","123","0.003351","1.409693","1.122491","-0.335731","{'hidden_layer_sizes': (128,), 'learning_rate_init': 0.001}","regression_mlp_seed-123_size-0.003351.txt"
"TYK2","mlp","123","0.008378","1.268381","0.995803","-0.081357","{'hidden_layer_sizes': (128,), 'learning_rate_init': 0.001}","regression_mlp_seed-123_size-0.008378.txt"
"TYK2","mlp","123","0.016756","1.245789","0.997944","-0.043179","{'hidden_layer_sizes': (256,), 'learning_rate_init': 0.001}","regression_mlp_seed-123_size-0.016756.txt"
"TYK2","mlp","123","0.08378","1.001284","0.762181","0.326117","{'hidden_layer_sizes': (128,), 'learning_rate_init': 0.0001}","regression_mlp_seed-123_size-0.08378.txt"
"TYK2","mlp","2137","0.001676","1.991646","1.665889","-1.722555","{'hidden_layer_sizes': (128,), 'learning_rate_init': 0.001}","regression_mlp_seed-2137_size-0.001676.txt"
"TYK2","mlp","2137","0.003351","1.550634","1.257260","-0.650331","{'hidden_layer_sizes': (128,), 'learning_rate_init': 0.001}","regression_mlp_seed-2137_size-0.003351.txt"
"TYK2","mlp","2137","0.008378","1.310747","1.021227","-0.179207","{'hidden_layer_sizes': (256,), 'learning_rate_init': 0.001}","regression_mlp_seed-2137_size-0.008378.txt"
"TYK2","mlp","2137","0.016756","1.201884","0.942837","0.008535","{'hidden_layer_sizes': (256,), 'learning_rate_init': 0.0001}","regression_mlp_seed-2137_size-0.016756.txt"
"TYK2","mlp","2137","0.08378","1.029028","0.810605","0.273213","{'hidden_layer_sizes': (128,), 'learning_rate_init': 0.0001}","regression_mlp_seed-2137_size-0.08378.txt"
"TYK2","mlp","42","0.001676","2.253945","1.956831","-2.365221","{'hidden_layer_sizes': (128,), 'learning_rate_init': 0.001}","regression_mlp_seed-42_size-0.001676.txt"
"TYK2","mlp","42","0.003351","1.553033","1.234634","-0.597675","{'hidden_layer_sizes': (256,), 'learning_rate_init': 0.001}","regression_mlp_seed-42_size-0.003351.txt"
"TYK2","mlp","42","0.008378","1.330471","1.079377","-0.172567","{'hidden_layer_sizes': (128,), 'learning_rate_init': 0.001}","regression_mlp_seed-42_size-0.008378.txt"
"TYK2","mlp","42","0.016756","1.266929","1.000708","-0.063241","{'hidden_layer_sizes': (128,), 'learning_rate_init': 0.0001}","regression_mlp_seed-42_size-0.016756.txt"
"TYK2","mlp","42","0.08378","1.026826","0.800678","0.301574","{'hidden_layer_sizes': (128,), 'learning_rate_init': 0.0001}","regression_mlp_seed-42_size-0.08378.txt"
"TYK2","randomforest","123","0.001676","1.275924","1.007251","-0.094258","{'max_depth': None, 'n_estimators': 300}","regression_randomforest_seed-123_size-0.001676.txt"
"TYK2","randomforest","123","0.003351","1.138411","0.924682","0.128899","{'max_depth': None, 'n_estimators': 300}","regression_randomforest_seed-123_size-0.003351.txt"
"TYK2","randomforest","123","0.008378","1.063224","0.846254","0.240165","{'max_depth': 10, 'n_estimators': 100}","regression_randomforest_seed-123_size-0.008378.txt"
"TYK2","randomforest","123","0.016756","1.035038","0.812057","0.279917","{'max_depth': None, 'n_estimators': 100}","regression_randomforest_seed-123_size-0.016756.txt"
"TYK2","randomforest","123","0.08378","0.805102","0.580161","0.564316","{'max_depth': None, 'n_estimators': 300}","regression_randomforest_seed-123_size-0.08378.txt"
"TYK2","randomforest","2137","0.001676","1.379969","1.161720","-0.307047","{'max_depth': None, 'n_estimators': 100}","regression_randomforest_seed-2137_size-0.001676.txt"
"TYK2","randomforest","2137","0.003351","0.970071","0.766984","0.354109","{'max_depth': None, 'n_estimators': 100}","regression_randomforest_seed-2137_size-0.003351.txt"
"TYK2","randomforest","2137","0.008378","1.073826","0.849722","0.208555","{'max_depth': None, 'n_estimators': 300}","regression_randomforest_seed-2137_size-0.008378.txt"
"TYK2","randomforest","2137","0.016756","0.924068","0.693541","0.413916","{'max_depth': None, 'n_estimators': 100}","regression_randomforest_seed-2137_size-0.016756.txt"
"TYK2","randomforest","2137","0.08378","0.795979","0.592631","0.565134","{'max_depth': None, 'n_estimators': 300}","regression_randomforest_seed-2137_size-0.08378.txt"
"TYK2","randomforest","42","0.001676","1.165197","0.982945","0.100656","{'max_depth': None, 'n_estimators': 300}","regression_randomforest_seed-42_size-0.001676.txt"
"TYK2","randomforest","42","0.003351","1.083986","0.875119","0.221652","{'max_depth': None, 'n_estimators': 300}","regression_randomforest_seed-42_size-0.003351.txt"
"TYK2","randomforest","42","0.008378","1.065767","0.829082","0.247595","{'max_depth': 10, 'n_estimators': 300}","regression_randomforest_seed-42_size-0.008378.txt"
"TYK2","randomforest","42","0.016756","0.952419","0.745258","0.399127","{'max_depth': None, 'n_estimators': 300}","regression_randomforest_seed-42_size-0.016756.txt"
"TYK2","randomforest","42","0.08378","0.873418","0.651165","0.494674","{'max_depth': 10, 'n_estimators': 300}","regression_randomforest_seed-42_size-0.08378.txt"
"TYK2","svm","123","0.001676","1.122416","0.897121","0.153207","{'C': 0.1, 'kernel': 'linear'}","regression_svm_seed-123_size-0.001676.txt"
"TYK2","svm","123","0.003351","1.130839","0.900724","0.140449","{'C': 0.1, 'kernel': 'linear'}","regression_svm_seed-123_size-0.003351.txt"
"TYK2","svm","123","0.008378","0.997723","0.817637","0.330902","{'C': 10, 'kernel': 'rbf'}","regression_svm_seed-123_size-0.008378.txt"
"TYK2","svm","123","0.016756","1.014167","0.801049","0.308664","{'C': 10, 'kernel': 'rbf'}","regression_svm_seed-123_size-0.016756.txt"
"TYK2","svm","123","0.08378","0.784681","0.605377","0.586138","{'C': 10, 'kernel': 'rbf'}","regression_svm_seed-123_size-0.08378.txt"
"TYK2","svm","2137","0.001676","1.343592","1.128449","-0.239045","{'C': 0.1, 'kernel': 'linear'}","regression_svm_seed-2137_size-0.001676.txt"
"TYK2","svm","2137","0.003351","0.970718","0.772879","0.353247","{'C': 0.1, 'kernel': 'linear'}","regression_svm_seed-2137_size-0.003351.txt"
"TYK2","svm","2137","0.008378","1.007025","0.784726","0.303962","{'C': 1, 'kernel': 'linear'}","regression_svm_seed-2137_size-0.008378.txt"
"TYK2","svm","2137","0.016756","0.948578","0.714041","0.382413","{'C': 10, 'kernel': 'rbf'}","regression_svm_seed-2137_size-0.016756.txt"
"TYK2","svm","2137","0.08378","0.778342","0.590582","0.584191","{'C': 10, 'kernel': 'rbf'}","regression_svm_seed-2137_size-0.08378.txt"
"TYK2","svm","42","0.001676","1.184445","1.010089","0.070699","{'C': 1, 'kernel': 'rbf'}","regression_svm_seed-42_size-0.001676.txt"
"TYK2","svm","42","0.003351","1.116734","0.899873","0.173912","{'C': 0.1, 'kernel': 'linear'}","regression_svm_seed-42_size-0.003351.txt"
"TYK2","svm","42","0.008378","1.009367","0.803339","0.325122","{'C': 10, 'kernel': 'rbf'}","regression_svm_seed-42_size-0.008378.txt"
"TYK2","svm","42","0.016756","0.951977","0.761934","0.399684","{'C': 10, 'kernel': 'rbf'}","regression_svm_seed-42_size-0.016756.txt"
"TYK2","svm","42","0.08378","0.829372","0.636567","0.544356","{'C': 10, 'kernel': 'rbf'}","regression_svm_seed-42_size-0.08378.txt"
"TYK2","xgboost","123","0.001676","1.396533","1.137182","-0.310909","{'learning_rate': 0.01, 'max_depth': 4, 'n_estimators': 100}","regression_xgboost_seed-123_size-0.001676.txt"
"TYK2","xgboost","123","0.003351","1.147202","0.919878","0.115394","{'learning_rate': 0.01, 'max_depth': 4, 'n_estimators': 300}","regression_xgboost_seed-123_size-0.003351.txt"
"TYK2","xgboost","123","0.008378","1.091374","0.884091","0.199397","{'learning_rate': 0.01, 'max_depth': 4, 'n_estimators': 100}","regression_xgboost_seed-123_size-0.008378.txt"
"TYK2","xgboost","123","0.016756","1.056704","0.818026","0.249455","{'learning_rate': 0.01, 'max_depth': 8, 'n_estimators': 300}","regression_xgboost_seed-123_size-0.016756.txt"
"TYK2","xgboost","123","0.08378","0.807874","0.610550","0.561310","{'learning_rate': 0.1, 'max_depth': 4, 'n_estimators': 100}","regression_xgboost_seed-123_size-0.08378.txt"
"TYK2","xgboost","2137","0.001676","1.398965","1.172829","-0.343278","{'learning_rate': 0.01, 'max_depth': 4, 'n_estimators': 100}","regression_xgboost_seed-2137_size-0.001676.txt"
"TYK2","xgboost","2137","0.003351","1.045502","0.842260","0.249757","{'learning_rate': 0.01, 'max_depth': 4, 'n_estimators': 100}","regression_xgboost_seed-2137_size-0.003351.txt"
"TYK2","xgboost","2137","0.008378","1.129051","0.880317","0.125058","{'learning_rate': 0.1, 'max_depth': 4, 'n_estimators': 100}","regression_xgboost_seed-2137_size-0.008378.txt"
"TYK2","xgboost","2137","0.016756","0.964075","0.730388","0.362069","{'learning_rate': 0.01, 'max_depth': 4, 'n_estimators': 300}","regression_xgboost_seed-2137_size-0.016756.txt"
"TYK2","xgboost","2137","0.08378","0.801958","0.618396","0.558577","{'learning_rate': 0.1, 'max_depth': 4, 'n_estimators': 100}","regression_xgboost_seed-2137_size-0.08378.txt"
"TYK2","xgboost","42","0.001676","1.185260","1.001634","0.069419","{'learning_rate': 0.01, 'max_depth': 4, 'n_estimators': 100}","regression_xgboost_seed-42_size-0.001676.txt"
"TYK2","xgboost","42","0.003351","1.090443","0.839688","0.212351","{'learning_rate': 0.1, 'max_depth': 8, 'n_estimators': 300}","regression_xgboost_seed-42_size-0.003351.txt"
"TYK2","xgboost","42","0.008378","1.058363","0.815620","0.258013","{'learning_rate': 0.01, 'max_depth': 4, 'n_estimators': 300}","regression_xgboost_seed-42_size-0.008378.txt"
"TYK2","xgboost","42","0.016756","1.001446","0.794378","0.335673","{'learning_rate': 0.01, 'max_depth': 4, 'n_estimators': 300}","regression_xgboost_seed-42_size-0.016756.txt"
"TYK2","xgboost","42","0.08378","0.876909","0.648569","0.490627","{'learning_rate': 0.1, 'max_depth': 8, 'n_estimators': 100}","regression_xgboost_seed-42_size-0.08378.txt"
