target,model,seed,train_size,accuracy,precision,recall,f1,roc_auc,best_params,file
A2a,mlp,42,0.2,"0,7758","0,6643","0,6627","0,6635","0,803","{'hidden_layer_sizes': (128,), 'learning_rate_init': 0.0001}",mlp_seed-42_size-0.2.txt
A2a,xgboost,42,0.2,"0,8019","0,7122","0,6817","0,6966","0,8416","{'learning_rate': 0.1, 'max_depth': 8, 'n_estimators': 300}",xgboost_seed-42_size-0.2.txt
A2a,randomforest,42,0.2,"0,8241","0,7772","0,6627","0,7154","0,8548","{'max_depth': None, 'n_estimators': 100}",randomforest_seed-42_size-0.2.txt
A2a,svm,42,0.2,"0,8106","0,737","0,6722","0,7031","0,8486","{'C': 1, 'kernel': 'rbf'}",svm_seed-42_size-0.2.txt
A2a,mlp,42,0.4,"0,7472","0,6004","0,7245","0,6566","0,8144","{'hidden_layer_sizes': (128,), 'learning_rate_init': 0.001}",mlp_seed-42_size-0.4.txt
A2a,xgboost,42,0.4,"0,8074","0,7543","0,6271","0,6848","0,856","{'learning_rate': 0.01, 'max_depth': 8, 'n_estimators': 300}",xgboost_seed-42_size-0.4.txt
A2a,randomforest,42,0.4,"0,8067","0,7493","0,6318","0,6856","0,8545","{'max_depth': None, 'n_estimators': 100}",randomforest_seed-42_size-0.4.txt
A2a,svm,42,0.4,"0,8122","0,7359","0,6817","0,7078","0,856","{'C': 1, 'kernel': 'rbf'}",svm_seed-42_size-0.4.txt
A2a,mlp,42,0.6,"0,7853","0,6752","0,6865","0,6808","0,8351","{'hidden_layer_sizes': (128,), 'learning_rate_init': 0.001}",mlp_seed-42_size-0.6.txt
A2a,xgboost,42,0.6,"0,8019","0,7232","0,658","0,6891","0,8709","{'learning_rate': 0.1, 'max_depth': 8, 'n_estimators': 100}",xgboost_seed-42_size-0.6.txt
A2a,randomforest,42,0.6,"0,8296","0,7641","0,7078","0,7349","0,877","{'max_depth': None, 'n_estimators': 300}",randomforest_seed-42_size-0.6.txt
A2a,svm,42,0.6,"0,832","0,77","0,7078","0,7376","0,8714","{'C': 1, 'kernel': 'rbf'}",svm_seed-42_size-0.6.txt
A2a,mlp,42,0.8,"0,7702","0,644","0,696","0,6689","0,8381","{'hidden_layer_sizes': (256,), 'learning_rate_init': 0.0001}",mlp_seed-42_size-0.8.txt
A2a,xgboost,42,0.8,"0,809","0,732","0,6746","0,7021","0,8763","{'learning_rate': 0.1, 'max_depth': 8, 'n_estimators': 100}",xgboost_seed-42_size-0.8.txt
A2a,randomforest,42,0.8,"0,8384","0,7719","0,7316","0,7512","0,8945","{'max_depth': None, 'n_estimators': 300}",randomforest_seed-42_size-0.8.txt
A2a,svm,42,0.8,"0,8249","0,7525","0,7078","0,7295","0,8774","{'C': 1, 'kernel': 'rbf'}",svm_seed-42_size-0.8.txt
A2a,mlp,42,full,"0,7837","0,6674","0,7007","0,6837","0,8502","{'hidden_layer_sizes': (128,), 'learning_rate_init': 0.001}",mlp_seed-42_size-full.txt
A2a,xgboost,42,full,"0,809","0,7195","0,7007","0,71","0,8744","{'learning_rate': 0.1, 'max_depth': 8, 'n_estimators': 300}",xgboost_seed-42_size-full.txt
A2a,randomforest,42,full,"0,8296","0,7655","0,7055","0,7342","0,8887","{'max_depth': None, 'n_estimators': 100}",randomforest_seed-42_size-full.txt
A2a,svm,42,full,"0,8185","0,7376","0,7078","0,7224","0,8753","{'C': 1, 'kernel': 'rbf'}",svm_seed-42_size-full.txt
A2a,mlp,123,0.2,"0,7459","0,6911","0,5399","0,6062","0,8062","{'hidden_layer_sizes': (256,), 'learning_rate_init': 0.0001}",mlp_seed-123_size-0.2.txt
A2a,xgboost,123,0.2,"0,7711","0,7064","0,6299","0,6659","0,8291","{'learning_rate': 0.1, 'max_depth': 4, 'n_estimators': 300}",xgboost_seed-123_size-0.2.txt
A2a,randomforest,123,0.2,"0,7681","0,7404","0,5542","0,6339","0,8383","{'max_depth': None, 'n_estimators': 300}",randomforest_seed-123_size-0.2.txt
A2a,svm,123,0.2,"0,7481","0,6905","0,5521","0,6136","0,8106","{'C': 10, 'kernel': 'rbf'}",svm_seed-123_size-0.2.txt
A2a,mlp,123,0.4,"0,7496","0,6776","0,589","0,6302","0,8194","{'hidden_layer_sizes': (256,), 'learning_rate_init': 0.001}",mlp_seed-123_size-0.4.txt
A2a,xgboost,123,0.4,"0,7948","0,7294","0,6892","0,7087","0,8478","{'learning_rate': 0.1, 'max_depth': 4, 'n_estimators': 300}",xgboost_seed-123_size-0.4.txt
A2a,randomforest,123,0.4,"0,7911","0,7368","0,6585","0,6955","0,8572","{'max_depth': None, 'n_estimators': 100}",randomforest_seed-123_size-0.4.txt
A2a,svm,123,0.4,"0,7978","0,7547","0,6544","0,701","0,8571","{'C': 1, 'kernel': 'rbf'}",svm_seed-123_size-0.4.txt
A2a,mlp,123,0.6,"0,7867","0,7098","0,6953","0,7025","0,8427","{'hidden_layer_sizes': (256,), 'learning_rate_init': 0.001}",mlp_seed-123_size-0.6.txt
A2a,xgboost,123,0.6,"0,8059","0,7473","0,7014","0,7236","0,8664","{'learning_rate': 0.1, 'max_depth': 4, 'n_estimators': 300}",xgboost_seed-123_size-0.6.txt
A2a,randomforest,123,0.6,"0,7985","0,7666","0,638","0,6964","0,8709","{'max_depth': None, 'n_estimators': 300}",randomforest_seed-123_size-0.6.txt
A2a,svm,123,0.6,"0,7941","0,735","0,6748","0,7036","0,8602","{'C': 10, 'kernel': 'rbf'}",svm_seed-123_size-0.6.txt
A2a,mlp,123,0.8,"0,78","0,7124","0,6585","0,6844","0,8349","{'hidden_layer_sizes': (256,), 'learning_rate_init': 0.0001}",mlp_seed-123_size-0.8.txt
A2a,xgboost,123,0.8,"0,8044","0,7517","0,6871","0,7179","0,8692","{'learning_rate': 0.1, 'max_depth': 8, 'n_estimators': 300}",xgboost_seed-123_size-0.8.txt
A2a,randomforest,123,0.8,"0,8163","0,7849","0,6789","0,7281","0,8775","{'max_depth': None, 'n_estimators': 300}",randomforest_seed-123_size-0.8.txt
A2a,svm,123,0.8,"0,7941","0,7329","0,6789","0,7049","0,8586","{'C': 10, 'kernel': 'rbf'}",svm_seed-123_size-0.8.txt
A2a,mlp,123,full,"0,9037","0,8732","0,8589","0,866","0,9481","{'hidden_layer_sizes': (128,), 'learning_rate_init': 0.0001}",mlp_seed-123_size-full.txt
A2a,xgboost,123,full,"0,8948","0,8684","0,8364","0,8521","0,9487","{'learning_rate': 0.1, 'max_depth': 8, 'n_estimators': 300}",xgboost_seed-123_size-full.txt
A2a,randomforest,123,full,"0,9178","0,9004","0,8691","0,8845","0,9664","{'max_depth': None, 'n_estimators': 100}",randomforest_seed-123_size-full.txt
A2a,svm,123,full,"0,8904","0,8458","0,8528","0,8493","0,9558","{'C': 10, 'kernel': 'rbf'}",svm_seed-123_size-full.txt
A2a,mlp,2137,0.2,"0,7877","0,6782","0,6751","0,6767","0,8378","{'hidden_layer_sizes': (128,), 'learning_rate_init': 0.0001}",mlp_seed-2137_size-0.2.txt
A2a,xgboost,2137,0.2,"0,812","0,7291","0,682","0,7048","0,8617","{'learning_rate': 0.1, 'max_depth': 8, 'n_estimators': 300}",xgboost_seed-2137_size-0.2.txt
A2a,randomforest,2137,0.2,"0,818","0,7594","0,6544","0,703","0,8682","{'max_depth': None, 'n_estimators': 100}",randomforest_seed-2137_size-0.2.txt
A2a,svm,2137,0.2,"0,8211","0,7324","0,7189","0,7256","0,8619","{'C': 0.1, 'kernel': 'linear'}",svm_seed-2137_size-0.2.txt
A2a,mlp,2137,0.4,"0,787","0,6597","0,7281","0,6922","0,8411","{'hidden_layer_sizes': (256,), 'learning_rate_init': 0.001}",mlp_seed-2137_size-0.4.txt
A2a,xgboost,2137,0.4,"0,8097","0,7038","0,7281","0,7157","0,8717","{'learning_rate': 0.1, 'max_depth': 8, 'n_estimators': 300}",xgboost_seed-2137_size-0.4.txt
A2a,randomforest,2137,0.4,"0,8256","0,7452","0,7143","0,7294","0,8828","{'max_depth': None, 'n_estimators': 300}",randomforest_seed-2137_size-0.4.txt
A2a,svm,2137,0.4,"0,8143","0,7172","0,7189","0,7181","0,8656","{'C': 10, 'kernel': 'rbf'}",svm_seed-2137_size-0.4.txt
A2a,mlp,2137,0.6,"0,8074","0,7123","0,6959","0,704","0,8626","{'hidden_layer_sizes': (128,), 'learning_rate_init': 0.001}",mlp_seed-2137_size-0.6.txt
A2a,xgboost,2137,0.6,"0,834","0,7483","0,7465","0,7474","0,8914","{'learning_rate': 0.1, 'max_depth': 8, 'n_estimators': 300}",xgboost_seed-2137_size-0.6.txt
A2a,randomforest,2137,0.6,"0,8385","0,7769","0,7143","0,7443","0,8965","{'max_depth': None, 'n_estimators': 300}",randomforest_seed-2137_size-0.6.txt
A2a,svm,2137,0.6,"0,8234","0,73","0,735","0,7325","0,8839","{'C': 10, 'kernel': 'rbf'}",svm_seed-2137_size-0.6.txt
A2a,mlp,2137,0.8,"0,812","0,7183","0,7051","0,7116","0,8639","{'hidden_layer_sizes': (128,), 'learning_rate_init': 0.001}",mlp_seed-2137_size-0.8.txt
A2a,xgboost,2137,0.8,"0,837","0,7626","0,7327","0,7474","0,8979","{'learning_rate': 0.1, 'max_depth': 8, 'n_estimators': 300}",xgboost_seed-2137_size-0.8.txt
A2a,randomforest,2137,0.8,"0,8355","0,7719","0,7097","0,7395","0,9004","{'max_depth': None, 'n_estimators': 300}",randomforest_seed-2137_size-0.8.txt
A2a,svm,2137,0.8,"0,8355","0,7517","0,7465","0,7491","0,8837","{'C': 0.1, 'kernel': 'linear'}",svm_seed-2137_size-0.8.txt
A2a,mlp,2137,full,"0,8264","0,7423","0,7235","0,7328","0,8733","{'hidden_layer_sizes': (128,), 'learning_rate_init': 0.001}",mlp_seed-2137_size-full.txt
A2a,xgboost,2137,full,"0,8522","0,7698","0,7857","0,7777","0,9066","{'learning_rate': 0.1, 'max_depth': 8, 'n_estimators': 300}",xgboost_seed-2137_size-full.txt
A2a,randomforest,2137,full,"0,8408","0,7745","0,7281","0,7506","0,9049","{'max_depth': None, 'n_estimators': 300}",randomforest_seed-2137_size-full.txt
A2a,svm,2137,full,"0,8484","0,7985","0,7212","0,7579","0,902","{'C': 1, 'kernel': 'rbf'}",svm_seed-2137_size-full.txt
